[
  {
    "component": "Introduction",
    "category": "Getting Started",
    "link": "./index.html"
  },
  {
    "component": "Gulp",
    "category": "Getting Started",
    "link": "./gulp.html"
  },
  {
    "component": "Customization",
    "category": "Getting Started",
    "link": "./customization.html"
  },
  {
    "component": "Credits",
    "category": "Getting Started",
    "link": "./credits.html"
  },
  {
    "component": "Changelog",
    "category": "Getting Started",
    "link": "./changelog.html"
  },
  {
    "component": "Bootstrap Icons",
    "category": "Design & Graphics",
    "link": "./bootstrap-icons.html"
  },
  {
    "component": "Duotone Icons",
    "category": "Design & Graphics",
    "link": "./duotone-icons.html"
  },
  {
    "component": "Illustrations",
    "category": "Design & Graphics",
    "link": "./illustrations.html"
  },
  {
    "component": "Accordion",
    "category": "Components",
    "link": "./accordion.html"
  },
  {
    "component": "Alerts",
    "category": "Components",
    "link": "./alerts.html"
  },
  {
    "component": "Avatars",
    "category": "Components",
    "link": "./avatars.html"
  },
  {
    "component": "Badge",
    "category": "Components",
    "link": "./badge.html"
  },
  {
    "component": "Breadcrumb",
    "category": "Components",
    "link": "./breadcrumb.html"
  },
  {
    "component": "Buttons",
    "category": "Components",
    "link": "./buttons.html"
  },
  {
    "component": "Cards",
    "category": "Components",
    "link": "./cards.html"
  },
  {
    "component": "Collapse",
    "category": "Components",
    "link": "./collapse.html"
  },
  {
    "component": "Column divider",
    "category": "Components",
    "link": "./column-divider.html"
  },
  {
    "component": "Devices",
    "category": "Components",
    "link": "./devices.html"
  },
  {
    "component": "Divider",
    "category": "Components",
    "link": "./divider.html"
  },
  {
    "component": "Dropdowns",
    "category": "Components",
    "link": "./dropdowns.html"
  },
  {
    "component": "Icons",
    "category": "Components",
    "link": "./icons.html"
  },
  {
    "component": "List Group",
    "category": "Components",
    "link": "./list-group.html"
  },
  {
    "component": "Lists",
    "category": "Components",
    "link": "./lists.html"
  },
  {
    "component": "Legend Indicator",
    "category": "Components",
    "link": "./legend-indicator.html"
  },
  {
    "component": "Modal",
    "category": "Components",
    "link": "./modal.html"
  },
  {
    "component": "Offcanvas",
    "category": "Components",
    "link": "./offcanvas.html"
  },
  {
    "component": "Page Header",
    "category": "Components",
    "link": "./page-header.html"
  },
  {
    "component": "Pagination",
    "category": "Components",
    "link": "./pagination.html"
  },
  {
    "component": "Popovers",
    "category": "Components",
    "link": "./popovers.html"
  },
  {
    "component": "Progress",
    "category": "Components",
    "link": "./progress.html"
  },
  {
    "component": "Profile",
    "category": "Components",
    "link": "./profile.html"
  },
  {
    "component": "Shapes",
    "category": "Components",
    "link": "./shapes.html"
  },
  {
    "component": "Spinners",
    "category": "Components",
    "link": "./spinners.html"
  },
  {
    "component": "Steps",
    "category": "Components",
    "link": "./steps.html"
  },
  {
    "component": "Tab",
    "category": "Components",
    "link": "./tab.html"
  },
  {
    "component": "Tables",
    "category": "Components",
    "link": "./tables.html"
  },
  {
    "component": "Text Highlight",
    "category": "Components",
    "link": "./text-highlight.html"
  },
  {
    "component": "Toasts",
    "category": "Components",
    "link": "./toasts.html"
  },
  {
    "component": "Tooltips",
    "category": "Components",
    "link": "./tooltips.html"
  },
  {
    "component": "Typography",
    "category": "Components",
    "link": "./typography.html"
  },
  {
    "component": "Navbar",
    "category": "Navbars",
    "link": "./navbar.html"
  },
  {
    "component": "Navs",
    "category": "Navbars",
    "link": "./navs.html"
  },
  {
    "component": "Mega Menu",
    "category": "Navbars",
    "link": "./mega-menu.html"
  },
  {
    "component": "Scrollspy",
    "category": "Navbars",
    "link": "./scrollspy.html"
  },
  {
    "component": "Basic forms",
    "category": "Basic forms",
    "link": "./basic-forms.html"
  },
  {
    "component": "Checks and switches",
    "category": "Basic forms",
    "link": "./checks-and-switches.html"
  },
  {
    "component": "Input group",
    "category": "Basic forms",
    "link": "./input-group.html"
  },
  {
    "component": "Backgrounds",
    "category": "Utilities",
    "link": "./backgrounds.html"
  },
  {
    "component": "Borders",
    "category": "Utilities",
    "link": "./borders.html"
  },
  {
    "component": "Colors",
    "category": "Utilities",
    "link": "./colors.html"
  },
  {
    "component": "Links",
    "category": "Utilities",
    "link": "./links.html"
  },
  {
    "component": "Position",
    "category": "Utilities",
    "link": "./position.html"
  },
  {
    "component": "Rotations",
    "category": "Utilities",
    "link": "./rotations.html"
  },
  {
    "component": "Shadows",
    "category": "Utilities",
    "link": "./shadows.html"
  },
  {
    "component": "Sizing",
    "category": "Utilities",
    "link": "./sizing.html"
  },
  {
    "component": "Spacing",
    "category": "Utilities",
    "link": "./spacing.html"
  },
  {
    "component": "Z-index",
    "category": "Utilities",
    "link": "./z-index.html"
  },
  {
    "component": "Advanced select",
    "category": "Advanced forms",
    "link": "./select.html"
  },
  {
    "component": "File attachments",
    "category": "Advanced forms",
    "link": "./file-attachments.html"
  },
  {
    "component": "Drag’ n’ drop file uploads",
    "category": "Advanced forms",
    "link": "./dropzone.html"
  },
  {
    "component": "WYSIWYG Editor",
    "category": "Advanced forms",
    "link": "./quill.html"
  },
  {
    "component": "Quantity counter",
    "category": "Advanced forms",
    "link": "./quantity-counter.html"
  },
  {
    "component": "Input mask",
    "category": "Advanced forms",
    "link": "./input-mask.html"
  },
  {
    "component": "Step forms (Wizards)",
    "category": "Advanced forms",
    "link": "./step-forms.html"
  },
  {
    "component": "Wizards",
    "category": "Advanced forms",
    "link": "./step-forms.html"
  },
  {
    "component": "Range slider (noUiSlider)",
    "category": "Advanced forms",
    "link": "./range-slider.html"
  },
  {
    "component": "Add field",
    "category": "Advanced forms",
    "link": "./add-field.html"
  },
  {
    "component": "Toggle password",
    "category": "Advanced forms",
    "link": "./toggle-password.html"
  },
  {
    "component": "Count characters",
    "category": "Advanced forms",
    "link": "./count-characters.html"
  },
  {
    "component": "Toggle switch",
    "category": "Advanced forms",
    "link": "./toggle-switch.html"
  },
  {
    "component": "Toggle state",
    "category": "Advanced forms",
    "link": "./toggle-state.html"
  },
  {
    "component": "Switch",
    "category": "Advanced forms",
    "link": "./switch.html"
  },
  {
    "component": "Fullscreen Lightbox",
    "category": "Media",
    "link": "./fslightbox.html"
  },
  {
    "component": "Video Background",
    "category": "Media",
    "link": "./video-bg.html"
  },
  {
    "component": "Video Player",
    "category": "Media",
    "link": "./video-player.html"
  },
  {
    "component": "Swiper",
    "category": "Media",
    "link": "./swiper.html"
  },
  {
    "component": "Maps (Leaflet)",
    "category": "Others",
    "link": "./maps-leaflet.html"
  },
  {
    "component": "Chart.js",
    "category": "Others",
    "link": "./chartjs.html"
  },
  {
    "component": "Circles.js (Pie Chart).js",
    "category": "Others",
    "link": "./circles.html"
  },
  {
    "component": "Sticky block",
    "category": "Others",
    "link": "./sticky-block.html"
  },
  {
    "component": "Countdown",
    "category": "Others",
    "link": "./countdown.html"
  },
  {
    "component": "Sorting (Shuffle.js)",
    "category": "Others",
    "link": "./sorting.html"
  },
  {
    "component": "Go To",
    "category": "Others",
    "link": "./go-to.html"
  },
  {
    "component": "Show Animation",
    "category": "Others",
    "link": "./show-animation.html"
  },
  {
    "component": "Typed.js",
    "category": "Others",
    "link": "./typedjs.html"
  }
]
